company_code,company_category,company_name,BOOK_VALUE_RS,DIV_PERCENT,DIV_YIELD_PERCENT,EPS_TTM,FACE_VALUE,INDUSTRY_P_BY_E,MARKETCAP_RS_CR,MARKET_LOT,P_BY_C,P_BY_E,PRICE_BY_BOOK,sector
MI42,diversified,3mindia,1364.33,0,,275.66,10,22.07,22247.39,1,63.14,71.64,14.48,DIVERSIFIED
BLC,diversified,balmerlawriecompany,118.49,70,3.16,16.21,10,22.07,2521.74,1,11.93,13.65,1.87,DIVERSIFIED
CTI,diversified,centurytextilesindustries,255.47,55,0.6,33.27,10,22.07,10164.31,1,14.83,27.35,3.56,DIVERSIFIED
DCM02,diversified,dcmshriram,198.77,290,1.9,42.39,2,22.07,4968.31,1,6.01,7.22,1.54,DIVERSIFIED
GI01,diversified,grasimindustries,247.47,275,0.53,26.9,2,22.07,67911.82,1,28.34,38.4,4.17,DIVERSIFIED
NBV,diversified,navabharatventures,160.54,50,0.69,9.05,2,22.07,2606.31,1,13.1,16.13,0.91,DIVERSIFIED
V,diversified,voltas,105.36,350,0.67,15.15,1,22.07,17220.9,1,33.09,34.35,4.94,DIVERSIFIED
PMS01,computerssoftware,8kmilessoftwareservices,28.49,0,,1.6,5,21.82,1632.69,1,286.1,334.38,18.78,COMPUTERS - SOFTWARE
IE07,computerssoftware,cyient,202.3,210,1.44,35.59,5,21.82,8219.09,1,18.16,20.45,3.6,COMPUTERS - SOFTWARE
HCL02,computerssoftware,hcltechnologies,186.49,600,1.27,52.87,2,21.82,131914.73,1,15.98,17.92,5.08,COMPUTERS - SOFTWARE
HT02,computerssoftware,hexawaretechnologies,51.93,200,0.9,13.92,2,21.82,13223.01,1,28.59,32,8.58,COMPUTERS - SOFTWARE
IT,computerssoftware,infosys,290.74,515,2.01,73.97,5,21.82,279666.55,1,15.92,17.31,4.4,COMPUTERS - SOFTWARE
IDA,computerssoftware,intellectdesignarena,55.77,0,,2.61,5,21.82,2683.65,1,46.28,81.74,3.83,COMPUTERS - SOFTWARE
LI12,computerssoftware,larsentoubroinfotech,173.01,1655,0.97,67.42,1,21.82,29301.18,1,23.41,25.26,9.84,COMPUTERS - SOFTWARE
MT13,computerssoftware,mindtree,206.11,100,1,39.66,10,21.82,16445.91,1,20.42,25.3,4.87,COMPUTERS - SOFTWARE
MB02,computerssoftware,mphasis,242.04,170,1.6,38.28,10,21.82,20526.69,1,26.6,27.74,4.39,COMPUTERS - SOFTWARE
NII02,computerssoftware,niittechnologies,217.85,125,1.1,36.79,10,21.82,6962.77,1,22.55,30.78,5.2,COMPUTERS - SOFTWARE
OFS01,computerssoftware,oraclefinancialservicessoftware,313.2,3400,4.16,117.74,5,21.82,34888.2,1,32.81,34.68,13.04,COMPUTERS - SOFTWARE
PS15,computerssoftware,persistentsystems,269.57,90,1.11,42.76,10,21.82,6496.4,1,16.41,18.99,3.01,COMPUTERS - SOFTWARE
PSL01,computerssoftware,polarisconsultingservices,73.78,0,,17.55,5,21.82,4822.81,1,23.58,26.67,6.34,COMPUTERS - SOFTWARE
RI15,computerssoftware,roltaindia,236.15,0,,9.29,10,21.82,675.83,1,2.66,4.4,0.17,COMPUTERS - SOFTWARE
TE,computerssoftware,tataelxsi,89.76,160,1.23,38.54,10,21.82,8119.6,1,30.59,33.83,14.53,COMPUTERS - SOFTWARE
TCS,computerssoftware,tataconsultancyservices,198.16,5000,2.72,65.93,1,21.82,705012.98,1,26.22,27.93,9.29,COMPUTERS - SOFTWARE
TM4,computerssoftware,techmahindra,172.35,180,1.27,40.8,5,21.82,69310.35,1,14.89,17.33,4.1,COMPUTERS - SOFTWARE
W,computerssoftware,wipro,95.95,200,1.5,15.87,2,21.82,129893.95,1,14.87,16.81,2.78,COMPUTERS - SOFTWARE
ZT02,computerssoftware,zensartechnologies,293.53,120,0.98,42.8,10,21.82,5512.55,1,23.1,28.62,4.17,COMPUTERS - SOFTWARE
AI45,chemicals,aartiindustries,200.01,20,0.08,38.92,5,24.63,10447.46,1,23.1,33.02,6.42,CHEMICALS
BAS,chemicals,basfindia,311.59,10,0.05,56.95,10,24.63,8730.5,1,21.83,35.42,6.47,CHEMICALS
GAC01,chemicals,gujaratalkalieschemicals,529.95,50,0.84,72.85,10,9.86,4380.88,1,6.61,8.19,1.13,CHEMICALS
GF07,chemicals,gujaratfluorochemicals,320.78,350,0.47,44.36,1,24.63,8232.71,1,12.87,16.89,2.34,CHEMICALS
GHC,chemicals,gujaratheavychemicals,166.48,50,1.83,37.41,10,9.86,2663.55,1,5.62,7.31,1.64,CHEMICALS
BOC,chemicals,lindeindia,165.06,10,0.22,2.34,10,32.84,3892.8,1,17.21,195.06,2.77,CHEMICALS
NFI,chemicals,navinfluorineinternational,151.6,315,0.93,36.27,2,25.97,3360.57,1,15.48,18.78,4.49,CHEMICALS
PI11,chemicals,pidiliteindustries,85.74,475,0.44,18.81,1,42.85,55079.65,1,52.63,57.66,12.65,CHEMICALS
KC17,chemicals,shkelkarcompany,47.56,0,,4.77,10,25.97,3354.48,1,42.17,48.63,4.88,CHEMICALS
SII04,chemicals,solarindustriesindia,87.62,250,0.42,14.84,2,73.28,10733.93,1,66.94,79.93,13.54,CHEMICALS
TC,chemicals,tatachemicals,416.96,110,1.49,69.36,10,9.86,18840.5,1,9.95,10.66,1.77,CHEMICALS
UP04,chemicals,upl,161.32,350,1,10.76,2,39.1,35582.68,1,29.32,64.93,4.33,CHEMICALS
VO01,chemicals,vinatiorganics,160.32,25,0.05,28,2,32.43,5062.02,1,30.27,35.18,6.14,CHEMICALS
AO04,oildrillingandexploration,abanoffshore,701.88,0,,1.47,2,11.73,744.74,1,4.39,86.8,0.18,OIL DRILLING AND EXPLORATION
GAI,oildrillingandexploration,gailindia,169.17,112,3.34,20.48,10,11.73,75544.88,1,12.52,16.36,1.98,OIL DRILLING AND EXPLORATION
GSP02,oildrillingandexploration,gujaratstatepetronet,91.6,15,0.8,11.86,10,15.5,10557.78,1,12.52,15.79,2.04,OIL DRILLING AND EXPLORATION
GGC,oildrillingandexploration,gujaratgas,140.64,30,0.37,21.16,10,26.07,11308.87,1,20.08,38.82,5.84,OIL DRILLING AND EXPLORATION
IG04,oildrillingandexploration,indraprasthagas,51.39,85,0.65,9.58,2,32.84,18413.52,1,21.61,27.46,5.12,OIL DRILLING AND EXPLORATION
OI13,oildrillingandexploration,oilindia,255.93,95,4.29,23.51,10,11.73,25104.07,1,6.37,9.41,0.86,OIL DRILLING AND EXPLORATION
ONG,oildrillingandexploration,oilnaturalgascorporation,160.12,121,3.66,15.54,5,11.73,212325.88,1,6.17,10.65,1.03,OIL DRILLING AND EXPLORATION
PLN,oildrillingandexploration,petronetlng,53.88,25,1.18,13.85,10,15.5,31770,1,12.76,15.29,3.93,OIL DRILLING AND EXPLORATION
ABB,infrastructuregeneral,abbindia,170.21,200,0.33,20.41,2,47.97,25892.02,1,43.86,59.87,7.18,INFRASTRUCTURE - GENERAL
MPS,infrastructuregeneral,adaniportsspecialeconomiczone,93.06,65,0.35,12.07,2,39.36,77205.08,1,26,30.89,4.01,INFRASTRUCTURE - GENERAL
BEM03,infrastructuregeneral,beml,554.91,80,0.92,31.08,10,23.24,3626.61,1,18.72,28.02,1.57,INFRASTRUCTURE - GENERAL
BHE,infrastructuregeneral,bharatheavyelectricals,87.96,79,2.1,2.2,2,23.24,27627.29,1,17.34,34.2,0.86,INFRASTRUCTURE - GENERAL
EI14,infrastructuregeneral,engineersindia,49.58,60,2.31,5.98,5,29.04,8221.17,1,20.46,21.76,2.62,INFRASTRUCTURE - GENERAL
ITN,infrastructuregeneral,ilandfstransportationnetworks,93.66,20,4.12,7.65,10,25.25,1598.75,1,5.83,6.35,0.52,INFRASTRUCTURE - GENERAL
IID01,infrastructuregeneral,irbinfrastructuredevelopers,83.92,50,2.19,12.64,10,30.6,8039.42,1,18.1,18.1,2.73,INFRASTRUCTURE - GENERAL
JA02,infrastructuregeneral,jaiprakashassociates,32.52,0,,1.45,2,30.6,3514.9,1,4.09,9.97,0.44,INFRASTRUCTURE - GENERAL
LT,infrastructuregeneral,larsentoubro,290.38,1050,1.58,38.43,2,22.07,186247.55,1,22.66,34.57,4.58,INFRASTRUCTURE - GENERAL
NBC01,infrastructuregeneral,nbccindia,9.3,81.5,0.96,1.85,1,30.6,15291,1,45.43,45.92,9.13,INFRASTRUCTURE - GENERAL
SE19,infrastructuregeneral,sadbhavengineering,109.67,75,0.24,12.86,1,30.6,5404.48,1,16.96,24.49,2.87,INFRASTRUCTURE - GENERAL
S,infrastructuregeneral,siemens,216.35,350,0.7,33.61,2,37.67,35526.56,1,25.49,29.68,4.61,INFRASTRUCTURE - GENERAL
TRE,infrastructuregeneral,texmacorailengineering,47.51,25,0.35,0.46,1,23.24,1586.23,1,55.04,156.74,1.52,INFRASTRUCTURE - GENERAL
T,infrastructuregeneral,thermax,222.23,300,0.53,19.99,2,29.78,13420.57,1,44.38,56.34,5.07,INFRASTRUCTURE - GENERAL
TW04,infrastructuregeneral,titagarhwagons,77.73,40,0.8,0.25,2,23.24,1155,1,72.46,400,1.29,INFRASTRUCTURE - GENERAL
VTW,infrastructuregeneral,vatechwabag,172.2,200,0.97,21.43,2,29.78,2262.82,1,17.93,19.32,2.4,INFRASTRUCTURE - GENERAL
AI51,pharmaceuticals,abbottindia,841.52,400,0.61,188.83,10,29.05,13882.91,1,33.26,34.6,7.76,PHARMACEUTICALS
AET,pharmaceuticals,advancedenzymetechnologies,26.06,20,0.18,3.21,2,24.93,2523.26,1,57.8,70.4,8.67,PHARMACEUTICALS
AP22,pharmaceuticals,ajantapharma,219.44,0,,48.57,2,29.05,9778.08,1,20.17,22.87,5.06,PHARMACEUTICALS
AP35,pharmaceuticals,alembicpharmaceuticals,121.44,200,0.77,22.39,2,29.05,9769.84,1,18.66,23.15,4.27,PHARMACEUTICALS
AL05,pharmaceuticals,alkemlaboratories,427.26,300,0.31,59.87,2,29.05,23315.18,1,28.31,32.57,4.56,PHARMACEUTICALS
AZP,pharmaceuticals,astrazenecapharma,82.55,0,,10.42,2,29.05,3283.75,1,80.48,126.06,15.91,PHARMACEUTICALS
AP,pharmaceuticals,aurobindopharma,174.92,250,0.41,30.94,1,29.05,35951.29,1,16.58,19.83,3.51,PHARMACEUTICALS
BL03,pharmaceuticals,biocon,60.12,20,0.16,3.98,5,29.05,37425,1,99.96,156.72,10.38,PHARMACEUTICALS
BGV,pharmaceuticals,blissgvspharma,53.16,60,0.32,5.53,1,29.05,1919.04,1,30.6,33.64,3.5,PHARMACEUTICALS
CHC,pharmaceuticals,cadilahealthcare,75.3,320,0.8,10.66,1,29.05,40780.79,1,29.46,37.37,5.29,PHARMACEUTICALS
CPL,pharmaceuticals,caplinpointlaboratories,39.43,75,0.32,13.53,2,29.05,3545.8,1,29.24,34.66,11.89,PHARMACEUTICALS
C,pharmaceuticals,cipla,177.23,100,0.33,18.24,2,29.05,49274.58,1,24.66,33.55,3.45,PHARMACEUTICALS
DL03,pharmaceuticals,divislaboratories,236.51,500,0.91,32.76,2,29.05,29229.42,1,28.88,33.61,4.66,PHARMACEUTICALS
DLP01,pharmaceuticals,drlalpathlabs,95.18,30,0.35,20.16,10,48.56,7196.55,1,36.16,42.83,9.07,PHARMACEUTICALS
DRL,pharmaceuticals,drreddyslaboratories,698.95,400,0.84,34.16,5,29.05,39299.14,1,29.3,69.31,3.39,PHARMACEUTICALS
FDC,pharmaceuticals,fdc,82.09,225,0.9,9.65,1,29.05,4351.36,1,21.4,25.85,3.04,PHARMACEUTICALS
GSK,pharmaceuticals,glaxosmithklinepharmaceuticals,281,300,1.09,41.55,10,29.05,23378.03,1,59.95,66.43,9.82,PHARMACEUTICALS
GP08,pharmaceuticals,glenmarkpharma,370.38,200,0.34,35.95,1,29.05,16533.64,1,14.6,16.3,1.58,PHARMACEUTICALS
GI25,pharmaceuticals,granulesindia,40.42,25,0.28,5.48,1,29.05,2260.42,1,10.51,16.25,2.2,PHARMACEUTICALS
IR05,pharmaceuticals,indocoremedies,75.21,80,0.81,4.47,2,29.05,1825.5,1,16.76,44.32,2.63,PHARMACEUTICALS
IL,pharmaceuticals,ipcalaboratories,214.34,50,0.15,18.45,2,29.05,8559.09,1,21,36.72,3.16,PHARMACEUTICALS
JBC01,pharmaceuticals,jbchemicalspharmaceuticals,181.36,50,0.35,15.32,2,29.05,2373.39,1,12.9,18.54,1.57,PHARMACEUTICALS
JO03,pharmaceuticals,jubilantlifesciences,144.79,300,0.39,16.54,1,29.05,12149.97,1,35.1,46.12,5.27,PHARMACEUTICALS
LL05,pharmaceuticals,lauruslabs,144.45,15,0.3,16.75,10,29.05,5290.88,1,17.7,29.79,3.45,PHARMACEUTICALS
L,pharmaceuticals,lupin,326.92,375,0.82,29.74,2,29.05,41159.46,1,23.73,30.61,2.78,PHARMACEUTICALS
MP21,pharmaceuticals,marksanspharma,10.54,5,0.16,0.3,1,29.05,1266.83,1,51.58,103.17,2.94,PHARMACEUTICALS
NP07,pharmaceuticals,natcopharma,130.08,362.5,0.87,37.84,2,29.05,15312.95,1,20.05,21.93,6.38,PHARMACEUTICALS
P,pharmaceuticals,pfizer,607.45,200,0.77,78.71,10,29.05,11839.51,1,27.77,32.88,4.26,PHARMACEUTICALS
PH05,pharmaceuticals,piramalenterprises,897.64,1050,0.84,28.71,2,29.05,45150.84,1,71.66,87.08,2.79,PHARMACEUTICALS
AP26,pharmaceuticals,sanofiindia,868.77,710,1.39,151.32,10,29.05,11745.62,1,26.06,33.7,5.87,PHARMACEUTICALS
PID01,pharmaceuticals,sequentscientific,68.26,0,,16.6,2,29.05,1562.35,1,3.83,3.86,0.94,PHARMACEUTICALS
SM19,pharmaceuticals,shilpamedicare,133.62,60,0.15,16.56,1,29.05,3252.92,1,19.39,24.09,2.99,PHARMACEUTICALS
SA10,pharmaceuticals,stridesshasun,360.99,45,1.15,98.97,10,29.05,3508.97,1,3.64,3.96,1.09,PHARMACEUTICALS
SLS01,pharmaceuticals,suvenlifesciences,69.92,100,0.42,12.45,1,29.05,3035.69,1,16.89,19.16,3.41,PHARMACEUTICALS
TP06,pharmaceuticals,torrentpharmaceuticals,263.18,280,0.95,28.48,5,29.05,25050.22,1,28.93,51.98,5.62,PHARMACEUTICALS
UL02,pharmaceuticals,unichemlaboratories,523.65,150,1.24,363.48,2,29.05,1697.58,1,0.65,0.66,0.46,PHARMACEUTICALS
W05,pharmaceuticals,wockhardt,116.43,200,1.36,6.21,5,29.05,8105.89,1,46.34,117.99,6.29,PHARMACEUTICALS
ACC06,cementmajor,acc,498.72,260,2,50.54,10,36.29,24412.34,1,15.36,25.72,2.61,CEMENT - MAJOR
AC18,cementmajor,ambujacements,102.35,140,1.37,6.42,2,36.29,40705.73,1,22.02,31.93,2,CEMENT - MAJOR
BC07,cementmajor,birlacorporation,427.15,65,0.89,14.95,10,36.29,5601.75,1,21.45,48.66,1.7,CEMENT - MAJOR
DBE,cementmajor,dalmiabharat,166.2,0,,8.87,2,90.8,22627.11,1,267.72,286.13,15.27,CEMENT - MAJOR
HCI02,cementmajor,heidelbergcementindia,48.55,0,,5.88,10,36.29,3093.27,1,13.2,23.21,2.81,CEMENT - MAJOR
IC,cementmajor,indiacements,165.25,10,0.87,3.25,10,36.29,3573.76,1,10.02,35.55,0.7,CEMENT - MAJOR
JKC03,cementmajor,jkcement,323.51,80,0.87,48.89,10,36.29,6396.94,1,12.11,18.71,2.83,CEMENT - MAJOR
JKL01,cementmajor,jklakshmicement,124.55,15,0.23,7.14,5,36.29,3883.11,1,14.75,46.22,2.65,CEMENT - MAJOR
OCL,cementmajor,oclindia,488.16,250,0.43,74.21,2,36.29,6623.75,1,11.23,15.69,2.38,CEMENT - MAJOR
OC10,cementmajor,orientcement,50.34,100,0.84,2.16,1,36.29,2425.65,1,14.23,54.81,2.35,CEMENT - MAJOR
PC,cementmajor,prismjohnson,20.38,0,,1.4,10,36.29,5476.52,1,24.5,77.71,5.34,CEMENT - MAJOR
RC12,cementmajor,rainindustries,27.43,50,0.47,0.92,2,36.29,7194.43,1,227.55,232.5,7.8,CEMENT - MAJOR
MC,cementmajor,theramcocements,155.92,300,0.41,23.15,1,36.29,17518.3,1,20.66,31.53,4.68,CEMENT - MAJOR
SC12,cementmajor,shreecements,2607.07,1400,0.87,397.33,10,36.29,56268.56,1,24.64,40.65,6.2,CEMENT - MAJOR
UTC01,cementmajor,ultratechcement,953.06,100,0.27,81.25,10,36.29,101515.18,1,25.41,45.5,3.88,CEMENT - MAJOR
AE13,trading,adanienterprises,36.04,40,0.3,1.79,1,49.47,14451.5,1,50.73,73.41,3.65,TRADING
MMT,trading,mmtc,9.56,30,0.8,0.33,1,49.47,5632.5,1,104.31,113.79,3.93,TRADING
PTC02,trading,ptcindia,114.66,30,3.62,10.78,10,11.73,2455.39,1,7.62,7.69,0.72,TRADING
SM09,trading,swanenergy,21.05,7.5,0.05,2.98,1,21.7,4031.46,1,51.58,55.39,7.84,TRADING
PFR,retail,adityabirlafashionretail,12.43,0,,1.53,10,71.87,10919.88,1,27.37,92.48,11.38,RETAIL
AS19,retail,avenuesupermarts,74.06,0,,12.57,10,151.28,95672.15,1,101.86,121.96,20.7,RETAIL
FLF01,retail,futurelifestylefashions,93.56,40,0.19,5.8,2,74.38,8217.04,1,31.62,74.31,4.61,RETAIL
FR,retail,futureretail,51.17,0,,0.41,2,151.28,27989.47,1,378.91,1358.54,10.89,RETAIL
SS51,retail,shoppersstop,88.03,15,0.13,1.32,5,151.28,4901.48,1,39.68,422.01,6.33,RETAIL
T04,retail,trent,49.88,100,0.31,3.51,1,71.87,10870.08,1,68.57,93.19,6.56,RETAIL
AL9,transportlogistics,aegislogistics,16.74,105,0.42,3.02,1,44.24,8408.45,1,70.72,83.36,15.04,TRANSPORT & LOGISTICS
AGL02,transportlogistics,allcargologistics,55.81,100,1.79,1.17,2,44.24,2751.79,1,21.09,95.73,2.01,TRANSPORT & LOGISTICS
CCI,transportlogistics,containercorporationindia,332.59,171,1.35,43.04,10,25.25,30781.55,1,21.35,29.34,3.8,TRANSPORT & LOGISTICS
IA04,transportlogistics,interglobeaviation,157.24,340,2.77,58.33,10,19.25,47126.36,1,17.59,21.02,7.8,TRANSPORT & LOGISTICS
NC02,transportlogistics,navkarcorporation,89.09,0,,6.84,10,44.24,2144.9,1,17.03,20.83,1.6,TRANSPORT & LOGISTICS
SJ01,transportlogistics,spicejet,-0.71,0,,9.45,10,19.25,6674.88,1,8.37,11.78,,TRANSPORT & LOGISTICS
AIE01,castingsforgings,aiaengineering,306.61,400,0.51,49.82,2,28.21,14696.06,1,27.5,31.27,5.08,CASTINGS & FORGINGS
BF03,castingsforgings,bharatforge,90.89,475,1.48,15.19,2,46.42,29930.37,1,29.52,42.32,7.07,CASTINGS & FORGINGS
MF19,castingsforgings,mahindracieautomotive,92.45,0,,2.41,10,46.42,9694.61,1,58.07,106.27,2.77,CASTINGS & FORGINGS
ICI,paintsvarnishes,akzonobelindia,301.8,220,1.16,85.84,10,57.09,8818.8,1,19.22,22.02,6.26,PAINTS & VARNISHES
AP31,paintsvarnishes,asianpaints,81.3,870,0.68,19.76,1,57.09,123065.08,1,55.78,64.93,15.78,PAINTS & VARNISHES
BPI02,paintsvarnishes,bergerpaintsindia,24.24,175,0.6,4.52,1,57.09,28164.77,1,51.16,64.17,11.97,PAINTS & VARNISHES
KNP,paintsvarnishes,kansainerolacpaints,57.99,260,0.52,9.58,1,57.09,27002.57,1,45.59,52.3,8.64,PAINTS & VARNISHES
ARB,autoancillaries,amararajabatteries,179.4,425,0.56,27.59,1,30.46,13058.62,1,18.61,27.71,4.26,AUTO ANCILLARIES
B05,autoancillaries,bosch,3332.27,1650,0.91,449.12,10,35.63,55441.84,1,30.17,40.45,5.45,AUTO ANCILLARIES
EI,autoancillaries,exideindustries,66.26,240,0.96,7.86,1,30.46,21250,1,23.23,31.81,3.77,AUTO ANCILLARIES
MI4,autoancillaries,mindaindustries,75.68,110,0.17,15.59,2,73.54,11312.64,1,60.05,83.24,17.15,AUTO ANCILLARIES
MSS01,autoancillaries,mothersonsumisystems,11.9,200,0.65,4.18,1,73.54,64948.8,1,59.21,73.8,25.92,AUTO ANCILLARIES
WAB,autoancillaries,wabcoindia,811.52,140,0.1,143.84,5,64.25,13861.51,1,41.43,50.81,9.01,AUTO ANCILLARIES
AI40,electricequipment,aparindustries,285.38,100,1.39,37.65,10,16.93,2747.88,1,14.19,19.07,2.52,ELECTRIC EQUIPMENT
HI01,electricequipment,havellsindia,63.73,350,0.63,11.39,1,47.97,34551.12,1,40.56,48.5,8.67,ELECTRIC EQUIPMENT
TEE,electricequipment,technoelectricengineeringcompany,87.31,0,,11.74,2,23.24,3275.68,1,24.27,24.76,3.33,ELECTRIC EQUIPMENT
TT14,electricequipment,triveniturbine,14.97,120,1.06,2.98,1,32.05,3720.44,1,31.67,37.84,7.53,ELECTRIC EQUIPMENT
VI02,electricequipment,vguardindustries,14.96,70,0.33,3.13,1,47.97,9076.3,1,59.71,68.1,14.25,ELECTRIC EQUIPMENT
BT09,steeltubespipes,aplapollotubes,213.34,120,0.67,44.32,10,19.46,4268.99,1,28.62,40.59,8.43,STEEL - TUBES & PIPES
JS08,steeltubespipes,jindalsaw,186.07,50,1.04,12.07,2,19.46,3061.65,1,4.77,7.93,0.51,STEEL - TUBES & PIPES
RMT,steeltubespipes,ratnamanimetalstubes,286.49,275,0.54,32.48,2,19.46,4759.48,1,22.41,31.36,3.56,STEEL - TUBES & PIPES
WGS,steeltubespipes,welspuncorp,72.97,10,0.37,4.74,5,19.46,3565.97,1,9.81,28.36,1.84,STEEL - TUBES & PIPES
AHE,hospitalsmedicalservices,apollohospitalsenterprises,274.01,120,0.58,16.76,5,48.56,14461.36,1,28.63,62.02,3.79,HOSPITALS & MEDICAL SERVICES
NH,hospitalsmedicalservices,narayanahrudayalaya,54.65,0,,2.97,10,48.56,4729.93,1,34.09,77.93,4.24,HOSPITALS & MEDICAL SERVICES
TT16,hospitalsmedicalservices,thyrocaretechnologies,96.14,100,1.67,17.88,10,48.56,3209.18,1,29.67,33.41,6.21,HOSPITALS & MEDICAL SERVICES
AT14,tyres,apollotyres,104.18,300,1.12,10.88,1,27.04,15382.42,1,15.59,24.72,2.58,TYRES
BI03,tyres,balkrishnaindustries,183.56,400,0.72,38.24,2,27.04,21351.88,1,20.33,28.88,6.02,TYRES
C07,tyres,ceat,639.03,115,0.86,69.09,10,27.04,5404.33,1,12.25,19.34,2.09,TYRES
JKT01,tyres,jktyreindustries,75.7,125,1.95,1.9,2,27.04,2905.48,1,13.32,67.42,1.69,TYRES
MRF,tyres,mrf,22721.94,600,0.08,2575.44,10,27.04,31935.81,1,17.77,29.24,3.31,TYRES
TVS03,tyres,tvssrichakra,904.51,507,1.69,153.6,10,27.04,2300.91,1,12.38,19.56,3.32,TYRES
A18,textilesdenim,arvind,135.03,24,0.58,9.43,10,36.23,10702.87,1,23.65,43.89,3.06,TEXTILES - DENIM
AIG01,glassglassproducts,asahiindiaglass,28.21,100,0.29,7.62,1,41.97,8503.29,1,30.68,45.91,12.4,GLASS & GLASS PRODUCTS
LOR,glassglassproducts,laopalarg,24.65,100,0.77,6.62,2,41.97,2886,1,33.08,39.27,10.55,GLASS & GLASS PRODUCTS
AL,autolcvshcvs,ashokleyland,26.23,156,1.1,5.32,1,37.26,41722.83,1,19.72,26.72,5.42,AUTO - LCVS & HCVS
EM,autolcvshcvs,eichermotors,2067.67,1000,0.34,628.46,10,37.26,80526.52,1,41.61,47.01,14.29,AUTO - LCVS & HCVS
FM01,autolcvshcvs,forcemotors,1375.47,100,0.37,111.53,10,37.26,3599.1,1,13.03,24.49,1.99,AUTO - LCVS & HCVS
SM,autolcvshcvs,smlisuzu,284.01,0,,5.87,10,37.26,1136.02,1,30.78,133.73,2.76,AUTO - LCVS & HCVS
AB,constructioncontractingcivil,ashokabuildcon,112.28,32,0.68,13.47,5,30.6,4435.43,1,14.53,17.59,2.11,CONSTRUCTION & CONTRACTING - CIVIL
DB04,constructioncontractingcivil,dilipbuildcon,180.83,10,0.12,45.35,10,30.6,11391.55,1,12.72,18.37,4.61,CONSTRUCTION & CONTRACTING - CIVIL
GP10,constructioncontractingcivil,gayatriprojects,49.74,0,,10.05,2,30.6,3280.66,1,13.51,17.44,3.52,CONSTRUCTION & CONTRACTING - CIVIL
HCC,constructioncontractingcivil,hindustanconstructioncompany,27.26,0,,0.76,1,30.6,1476.48,1,7.38,19.13,0.53,CONSTRUCTION & CONTRACTING - CIVIL
ITD03,constructioncontractingcivil,itdcementationindia,36.03,40,0.28,4.92,1,30.6,2456.56,1,17.59,29.07,3.97,CONSTRUCTION & CONTRACTING - CIVIL
KI01,constructioncontractingcivil,jkumarinfraprojects,201.62,40,0.77,18.05,5,30.6,1967.3,1,9.4,14.4,1.29,CONSTRUCTION & CONTRACTING - CIVIL
MLD,constructioncontractingcivil,mahindralifespacedevelopers,331.3,60,1.05,10.35,10,30.6,2936.29,1,51.44,55.27,1.73,CONSTRUCTION & CONTRACTING - CIVIL
NCC01,constructioncontractingcivil,ncc,62.23,20,0.37,4.77,2,30.6,6432.92,1,15.91,22.45,1.72,CONSTRUCTION & CONTRACTING - CIVIL
AMP01,telecommunicationsequipment,astramicrowaveproducts,59.44,50,0.99,7.01,2,29.78,873.48,1,9.96,14.39,1.7,TELECOMMUNICATIONS - EQUIPMENT
BI14,telecommunicationsequipment,bhartiinfratel,100.84,160,5.45,13.05,10,22.48,54341.49,1,15.12,22.51,2.91,TELECOMMUNICATIONS - EQUIPMENT
HFC,telecommunicationsequipment,himachalfuturisticcommunication,9.67,0,,1.25,1,37.77,4120.93,1,24.09,26.6,3.44,TELECOMMUNICATIONS - EQUIPMENT
HA04,telecommunicationsequipment,honeywellautomation,1617.38,100,0.05,282.45,10,37.67,16179.99,1,61.07,64.79,11.31,TELECOMMUNICATIONS - EQUIPMENT
APT02,plastics,astralpolytechnik,69.71,50,0.05,9.94,1,85.68,12368,1,74.66,103.87,14.81,PLASTICS
JIS02,plastics,jainirrigationsystems,92.69,37.5,0.77,5.66,2,17.69,4854.46,1,10.29,17.28,1.06,PLASTICS
NP08,plastics,nilkamal,534.21,130,0.78,78.47,10,37.42,2502.73,1,15.12,21.37,3.14,PLASTICS
SI48,plastics,supremeindustries,154.53,750,1.21,32.24,2,37.42,15789.44,1,27.38,38.55,8.04,PLASTICS
VIP,plastics,vipindustries,36.63,120,0.54,8.39,2,37.42,6303.46,1,48.7,53.16,12.18,PLASTICS
A06,dyespigments,atul,738.73,100,0.37,91.16,10,22.45,8038.33,1,21.42,29.73,3.67,DYES & PIGMENTS
SCI08,dyespigments,sudarshanchemicalindustries,69.84,175,0.77,12.72,2,22.45,3153.3,1,21.57,35.81,6.52,DYES & PIGMENTS
AF21,aquaculture,avantifeeds,217.4,450,0.49,91.37,2,19.94,8333.69,1,19.4,20.08,8.44,AQUACULTURE
AB16,banksprivatesector,axisbank,217.29,0,,1.07,2,32.64,135867.84,1,160.82,494.49,2.43,BANKS - PRIVATE SECTOR
CUB,banksprivatesector,cityunionbank,53.49,30,0.16,8.91,1,32.64,12380.58,1,20.9,20.9,3.48,BANKS - PRIVATE SECTOR
DCB01,banksprivatesector,dcbbank,82.92,7.5,0.42,7.96,10,32.64,5517.72,1,18.47,22.49,2.16,BANKS - PRIVATE SECTOR
FB,banksprivatesector,federalbank,45.47,45,1.07,4.44,2,32.64,16602.16,1,18.91,18.91,1.85,BANKS - PRIVATE SECTOR
HDF01,banksprivatesector,hdfcbank,408.32,650,0.64,67.17,2,32.64,528652.06,1,28.74,30.23,4.97,BANKS - PRIVATE SECTOR
ICI02,banksprivatesector,icicibank,150.7,125,0.89,10.54,2,32.64,181532.18,1,26.78,26.78,1.87,BANKS - PRIVATE SECTOR
IDF01,banksprivatesector,idfcbank,45.65,7.5,1.74,2.52,10,32.64,14654.68,1,14.35,17.08,0.94,BANKS - PRIVATE SECTOR
IIB,banksprivatesector,indusindbank,397.47,60,0.31,60.06,10,32.64,118030.67,1,32.73,32.73,4.95,BANKS - PRIVATE SECTOR
JKB,banksprivatesector,jammukashmirbank,105.64,0,,3.64,1,32.64,3232.56,1,15.95,15.95,0.55,BANKS - PRIVATE SECTOR
KB04,banksprivatesector,karnatakabank,181.91,40,3.39,11.52,10,32.64,3338.74,1,10.25,10.25,0.65,BANKS - PRIVATE SECTOR
KMB,banksprivatesector,kotakmahindrabank,196.65,14,0.05,21.43,5,32.64,255495.82,1,58.23,62.55,6.82,BANKS - PRIVATE SECTOR
RB03,banksprivatesector,rblbank,158.94,18,0.32,15.1,10,32.64,23543.05,1,37.07,37.07,3.52,BANKS - PRIVATE SECTOR
SIB,banksprivatesector,southindianbank,25.43,40,1.66,1.85,1,32.64,4369.94,1,13.05,13.05,0.95,BANKS - PRIVATE SECTOR
YB,banksprivatesector,yesbank,111.74,135,0.82,18.33,2,32.64,76197.23,1,17.1,18.03,2.96,BANKS - PRIVATE SECTOR
BA10,auto23wheelers,bajajauto,729.25,550,1.92,140.59,10,22.15,82967.31,1,18.93,20.39,3.93,AUTO - 2 & 3 WHEELERS
ET01,auto23wheelers,endurancetechnologies,130.43,25,0.2,19.31,10,39.04,17934.51,1,40.64,66.03,9.78,AUTO - 2 & 3 WHEELERS
HHM,auto23wheelers,heromotocorp,691.43,4250,2.3,185.14,2,22.15,73676.55,1,17.32,19.93,5.34,AUTO - 2 & 3 WHEELERS
TVS,auto23wheelers,tvsmotorcompany,64.64,250,0.43,13.95,1,22.15,27638.19,1,27.6,41.7,9,AUTO - 2 & 3 WHEELERS
BC02,personalcare,bajajcorp,48.68,1150,2.7,14.66,1,66.23,6288.66,1,28.18,29.08,8.76,PERSONAL CARE
CPI,personalcare,colgatepalmoliveindia,71.59,1000,0.82,24.76,1,66.23,33179.53,1,39.98,49.27,17.04,PERSONAL CARE
DI,personalcare,daburindia,26.78,225,0.58,6.07,1,66.23,68213.13,1,58.08,63.62,14.42,PERSONAL CARE
E06,personalcare,emami,89.09,700,0.63,13.64,1,66.23,25071.98,1,40.78,80.99,12.4,PERSONAL CARE
GI22,personalcare,gilletteindia,153.63,1640,2.51,71.23,10,66.23,21310.73,1,78.8,91.82,42.57,PERSONAL CARE
GCP,personalcare,godrejconsumerproducts,64.55,1500,1.3,14.68,1,66.23,78693.56,1,74.04,78.68,17.89,PERSONAL CARE
GI23,personalcare,godrejindustries,55.22,175,0.29,7.18,1,66.23,20640.42,1,66.57,85.49,11.12,PERSONAL CARE
HU,personalcare,hindustanunilever,32.69,2000,1.23,24.19,1,66.23,351751.56,1,61.55,67.18,49.71,PERSONAL CARE
JL,personalcare,jyothylaboratories,44.79,600,1.33,8.83,1,66.23,8219.82,1,37.87,51.21,10.09,PERSONAL CARE
M13,personalcare,marico,28.22,350,1.03,5.56,1,66.23,43657.03,1,55.63,60.83,11.98,PERSONAL CARE
PGH,personalcare,proctergamblehygienehealthcare,162.08,3890,3.99,125.71,10,66.23,31616.76,1,67.58,77.48,60.09,PERSONAL CARE
BE,domesticappliances,bajajelectricals,93.62,140,0.52,8.2,2,48.93,5471.76,1,46.55,65.4,5.73,DOMESTIC APPLIANCES
TTK02,domesticappliances,ttkprestige,962.42,270,0.46,222.38,10,48.93,6710.13,1,23.79,26.12,6.04,DOMESTIC APPLIANCES
BAF,financeleasinghirepurchase,bajajfinance,212.01,180,0.16,45.79,2,36.62,131808.58,1,47.95,49.8,10.76,FINANCE - LEASING & HIRE PURCHASE
CDB,financeleasinghirepurchase,cholamandalaminvestmentfinancecompany,338.17,55,0.34,62.31,10,36.62,25247.89,1,24.66,25.92,4.78,FINANCE - LEASING & HIRE PURCHASE
MMF04,financeleasinghirepurchase,mahindramahindrafinancialservices,119.46,120,0.51,14.44,2,36.62,29241.9,1,31.24,32.78,3.96,FINANCE - LEASING & HIRE PURCHASE
MF20,financeleasinghirepurchase,magmafincorp,83.44,40,0.47,7.52,2,36.62,4575.18,1,18.19,22.59,2.04,FINANCE - LEASING & HIRE PURCHASE
MGF01,financeleasinghirepurchase,manappuramfinance,47.61,100,1.94,8.31,2,36.62,8690.77,1,11.42,12.41,2.17,FINANCE - LEASING & HIRE PURCHASE
SCU,financeleasinghirepurchase,shriramcityunionfinance,762.27,150,0.65,100.77,10,36.62,15244.6,1,21.84,22.93,3.03,FINANCE - LEASING & HIRE PURCHASE
STF,financeleasinghirepurchase,shriramtransportfinancecorporation,567.26,100,0.68,69.11,10,36.62,33167.99,1,20.68,21.15,2.58,FINANCE - LEASING & HIRE PURCHASE
SRE02,financeleasinghirepurchase,sreiinfrastructurefinance,59.4,5,0.67,2.45,10,36.62,3732.9,1,21.14,30.29,1.25,FINANCE - LEASING & HIRE PURCHASE
BF04,financeinvestments,bajajfinserv,182.7,35,0.03,8.88,5,36.62,94901.01,1,664.83,671.57,32.64,FINANCE - INVESTMENTS
BHI,financeinvestments,bajajholdingsinvestment,777.2,325,1.09,118.03,10,36.62,33100.92,1,25.1,25.2,3.83,FINANCE - INVESTMENTS
IS13,financeinvestments,indiabullsventures,42.13,50,0.2,0.96,2,36.62,26649.91,1,495.96,511.46,11.65,FINANCE - INVESTMENTS
JMF,financeinvestments,jmfinancial,20.63,150,1.15,1.62,1,36.62,10924.13,1,79.42,80.4,6.31,FINANCE - INVESTMENTS
LFH,financeinvestments,ltfinanceholdings,38.17,8,0.48,1.84,10,36.62,32989.83,1,89.84,89.84,4.33,FINANCE - INVESTMENTS
MI,financeinvestments,maxfinancialservices,68.12,0,,4.58,2,36.62,12606.15,1,100.78,102.54,6.89,FINANCE - INVESTMENTS
MF10,financeinvestments,muthootfinance,205.89,60,1.55,43,10,36.62,15483.54,1,8.78,9,1.88,FINANCE - INVESTMENTS
RC,financeinvestments,reliancecapital,574.93,105,2.5,33,10,36.62,10624.97,1,12.43,12.74,0.73,FINANCE - INVESTMENTS
TIC,financeinvestments,tatainvestmentcorporation,486.81,180,1.98,43.1,10,36.62,5003.2,1,21.05,21.07,1.87,FINANCE - INVESTMENTS
BCM,sugar,balrampurchinimills,77.12,350,4.73,9.68,1,10.33,1690.37,1,5.34,7.64,0.96,SUGAR
EID,sugar,eidparryindia,89.19,400,1.79,5.71,1,10.33,3948.76,1,18.45,39.07,2.5,SUGAR
BI01,leatherproducts,bataindia,120.51,70,0.45,17.4,5,40.15,10038,1,35.34,44.89,6.48,LEATHER PRODUCTS
RF07,leatherproducts,relaxofootwears,63.64,100,0.15,13.38,1,40.15,8256.26,1,38.32,51.27,10.78,LEATHER PRODUCTS
BC12,pesticidesagrochemicals,bayercropscience,686.13,170,0.36,87.41,10,39.1,16222.62,1,48.69,54.06,6.89,PESTICIDES & AGRO CHEMICALS
DA01,pesticidesagrochemicals,dhanukaagritech,131.63,30,0.1,25.71,2,39.1,2947.15,1,21,23.36,4.56,PESTICIDES & AGRO CHEMICALS
MI39,pesticidesagrochemicals,monsantoindia,402.13,300,1.05,95.33,10,39.1,4945.78,1,27.85,30.05,7.12,PESTICIDES & AGRO CHEMICALS
PII,pesticidesagrochemicals,piindustries,143.24,400,0.51,26.58,1,39.1,10908.47,1,24.29,29.76,5.52,PESTICIDES & AGRO CHEMICALS
RI03,pesticidesagrochemicals,rallisindia,60.62,250,1.23,7.28,1,39.1,3945.77,1,21.68,27.87,3.35,PESTICIDES & AGRO CHEMICALS
SC04,pesticidesagrochemicals,shardacropchem,120.06,40,1.02,21.43,10,39.1,3550.18,1,13.49,18.36,3.28,PESTICIDES & AGRO CHEMICALS
BFU,powergenerationdistribution,bfutilities,26.7,0,,4.2,5,11.73,1337.95,1,68.05,84.57,13.3,POWER - GENERATION & DISTRIBUTION
CES,powergenerationdistribution,cesc,1070.79,100,1.01,65.71,10,11.73,13162.91,1,10.09,15.11,0.93,POWER - GENERATION & DISTRIBUTION
N07,powergenerationdistribution,nhpc,28.95,18,6.96,2.69,10,11.73,26520.34,1,6.37,9.61,0.89,POWER - GENERATION & DISTRIBUTION
NLC,powergenerationdistribution,nlcindia,91.9,73.4,8.76,12.09,10,11.73,12809.4,1,4.73,6.93,0.91,POWER - GENERATION & DISTRIBUTION
NTP,powergenerationdistribution,ntpc,129.25,47.8,3.06,12.54,10,11.73,128670.47,1,7.38,12.44,1.21,POWER - GENERATION & DISTRIBUTION
PGC,powergenerationdistribution,powergridcorporationindia,110.95,10,0.5,15.75,10,14.41,103847.05,1,5.99,12.6,1.79,POWER - GENERATION & DISTRIBUTION
RI38,powergenerationdistribution,relianceinfrastructure,861.61,90,2.09,63.29,10,11.73,11334.87,1,4.44,6.81,0.5,POWER - GENERATION & DISTRIBUTION
RP,powergenerationdistribution,reliancepower,59.91,0,,0.01,10,11.73,9705.74,1,576.67,3460,0.58,POWER - GENERATION & DISTRIBUTION
S11,powergenerationdistribution,sjvn,31.81,27.5,9.17,3.12,10,11.73,11789.39,1,7.43,9.62,0.94,POWER - GENERATION & DISTRIBUTION
TP14,powergenerationdistribution,torrentpower,162.42,22,0.87,19.18,10,11.73,12169.22,1,5.99,13.2,1.56,POWER - GENERATION & DISTRIBUTION
BE03,electricals,bharatelectronics,30.56,225,1.93,5.7,1,20.88,28623.94,1,17.34,20.44,3.81,ELECTRICALS
CGC01,electricals,cromptongreavesconsumerelectrical,13.77,0,,5.17,2,47.97,13977.88,1,41.53,43.13,16.19,ELECTRICALS
SM11,financegeneral,bharatfinancialinclusion,175.61,0,,32.67,10,36.62,16646.29,1,35.52,36.55,6.8,FINANCE - GENERAL
FCH,financegeneral,capitalfirst,257.66,28,0.48,33.04,10,36.62,5750.03,1,16.2,17.58,2.25,FINANCE - GENERAL
EC01,financegeneral,edelweissfinancialservices,18.8,130,0.41,1.56,1,36.62,28964.29,1,197.44,202.5,16.8,FINANCE - GENERAL
EH03,financegeneral,equitasholdings,49.41,0,,0.16,10,36.62,5144.05,1,838.89,943.75,3.06,FINANCE - GENERAL
IPL01,financegeneral,iciciprudentiallifeinsurancecompany,47.81,78,1.95,11.28,10,57.66,57501.16,1,35.51,35.51,8.38,FINANCE - GENERAL
II15,financegeneral,iiflholdings,47.01,225,0.62,6.41,2,36.62,23067.86,1,112.62,112.8,15.38,FINANCE - GENERAL
MOF01,financegeneral,motilaloswalfinancialservices,55.07,250,0.29,8.94,1,36.62,12591.08,1,92.42,97.07,15.76,FINANCE - GENERAL
UFS01,financegeneral,ujjivanfinancialservices,145.06,5,0.13,0.03,10,36.62,4709.37,1,9733.75,12978.33,2.68,FINANCE - GENERAL
BA08,telecommunicationsservice,bhartiairtel,253.38,20,0.27,0.2,5,341.93,150342.22,1,11.45,1880.5,1.48,TELECOMMUNICATIONS - SERVICE
TC17,telecommunicationsservice,tatacommunications,334.1,60,0.98,9.36,10,341.93,17375.03,1,15.84,65.13,1.82,TELECOMMUNICATIONS - SERVICE
BDE,couriers,bluedartexpress,279.75,150,0.41,59.89,10,52.73,8622.73,1,46.09,60.68,12.99,COURIERS
G04,couriers,gati,58.33,40,0.89,3.18,2,52.73,971.76,1,24.68,28.18,1.54,COURIERS
BS,consumergoodswhitegoods,bluestar,95.45,375,1.16,14.76,2,20.53,6211.83,1,30.67,43.77,6.77,CONSUMER GOODS - WHITE GOODS
HHL,consumergoodswhitegoods,johnsoncontrolshitachiairconditioningindia,198.28,15,0.06,36.83,10,20.53,7205.58,1,47.07,71.95,13.36,CONSUMER GOODS - WHITE GOODS
SCS04,consumergoodswhitegoods,symphony,91.61,225,0.33,26.15,2,48.93,9619.79,1,51.37,52.59,15.01,CONSUMER GOODS - WHITE GOODS
WI,consumergoodswhitegoods,whirlpoolindia,144.53,30,0.19,27.64,10,48.93,19660.06,1,43.48,56.06,10.72,CONSUMER GOODS - WHITE GOODS
BDM,textilesprocessing,bombaydyeingmanufacturingcompany,21.2,35,0.32,1.67,2,50.95,4583.01,1,71.35,132.87,10.47,TEXTILES - PROCESSING
BPC,refineries,bharatpetroleumcorporation,137.83,310,7.55,36.51,10,8.41,89047.83,1,8.43,11.24,2.98,REFINERIES
CPC02,refineries,chennaipetroleumcorporation,283.84,210,7.04,61.31,10,8.41,4445.01,1,3.55,4.87,1.05,REFINERIES
HPC,refineries,hindustanpetroleumcorporation,120.46,300,9.8,41.72,10,8.41,46659.45,1,5.12,7.34,2.54,REFINERIES
IOC,refineries,indianoilcorporation,102.81,190,11.3,21.98,10,8.41,163255.52,1,5.75,7.65,1.64,REFINERIES
MG02,refineries,mahanagargas,234.66,190,2.29,48.38,10,26.07,8195.59,1,13.91,17.15,3.54,REFINERIES
MRP,refineries,mangalorerefinerypetrochemicals,70.15,0,,12.69,10,8.41,15694.52,1,5.42,7.06,1.28,REFINERIES
RI,refineries,relianceindustries,496.59,60,0.59,53.05,10,22.07,642363.07,1,14.87,19.11,2.04,REFINERIES
BI,foodprocessing,britanniaindustries,294.01,1100,0.36,78.95,2,64.74,73248.09,1,68.6,77.28,20.75,FOOD PROCESSING
FVI,foodprocessing,futureconsumer,6.78,0,,0.17,6,39.36,10295.35,1,179.33,316.47,7.94,FOOD PROCESSING
GSC04,foodprocessing,glaxosmithklineconsumerhealthcare,908.98,700,1.14,166.47,10,64.74,25741.14,1,33.67,36.77,6.73,FOOD PROCESSING
HAP,foodprocessing,hatsunagroproducts,59.73,400,0.57,5.62,1,64.74,11383,1,43.03,125.28,11.79,FOOD PROCESSING
HFI,foodprocessing,heritagefoods,78.42,40,0.29,11.22,5,64.74,3210.74,1,36.06,61.68,8.82,FOOD PROCESSING
KRB01,foodprocessing,krbl,99.13,210,0.41,19.62,1,26.9,11997.82,1,22.66,25.98,5.14,FOOD PROCESSING
KDI01,foodprocessing,kwality,44.33,10,0.34,2.95,1,64.74,707.17,1,3.6,9.93,0.66,FOOD PROCESSING
MB04,foodprocessing,manpasandbeverages,100.78,10,0.63,7.7,10,51.97,1809.65,1,11.17,20.53,1.57,FOOD PROCESSING
NI,foodprocessing,nestleindia,354.77,860,0.88,139.24,10,64.74,94294.57,1,55.97,70.24,27.57,FOOD PROCESSING
PMF01,foodprocessing,paragmilkfoods,88.52,5,0.14,9.33,10,64.74,2909.52,1,22.86,37.07,3.91,FOOD PROCESSING
VB05,foodprocessing,varunbeverages,125.77,25,0.32,13.27,10,51.97,14163.59,1,27.45,58.45,6.17,FOOD PROCESSING
CFH,financehousing,canfinhomes,80.83,100,0.56,22.66,2,23.49,4721.06,1,15.49,15.65,4.39,FINANCE - HOUSING
DHF,financehousing,dewanhousingfinancecorporation,280.42,55,0.88,37.37,10,23.49,19622.5,1,16.36,16.74,2.23,FINANCE - HOUSING
GIC,financehousing,gichousingfinance,189.9,50,1.3,34.25,10,23.49,2070.3,1,11.19,11.22,2.02,FINANCE - HOUSING
GRU,financehousing,gruhfinance,18.88,165,1.02,4.96,2,23.49,23552.37,1,64.4,64.92,17.06,FINANCE - HOUSING
HDF,financehousing,housingdevelopmentfinancecorporation,235.77,900,0.98,72.45,2,23.49,307755.97,1,25.18,25.28,7.77,FINANCE - HOUSING
IHF01,financehousing,indiabullshousingfinance,361.84,1350,2.27,83.61,2,36.62,50822.14,1,14.14,14.25,3.29,FINANCE - HOUSING
LIC,financehousing,lichousingfinance,258.92,310,1.25,39.42,2,23.49,25028.76,1,12.52,12.58,1.92,FINANCE - HOUSING
PHF,financehousing,pnbhousingfinance,382.8,60,0.55,49.61,10,23.49,18329.05,1,21.44,22.07,2.86,FINANCE - HOUSING
RHF,financehousing,repcohomefinance,214.73,20,0.36,32.95,10,23.49,3502.19,1,16.74,16.99,2.61,FINANCE - HOUSING
CU,abrasives,carborundumuniversal,63.41,175,0.53,7.59,1,41.14,6204.48,1,28.54,43.25,5.18,ABRASIVES
GN,abrasives,grindwellnorton,93.18,80,0.77,13.29,5,41.14,5779.58,1,30.53,39.28,5.6,ABRASIVES
CAR,miscellaneous,creditanalysisresearch,224.04,280,2.06,54.66,10,51.31,4006.73,1,24.43,24.88,6.07,MISCELLANEOUS
CP9,miscellaneous,centuryplyboards,31.84,100,0.39,7.04,1,39.23,5763.45,1,24.25,36.79,8.13,MISCELLANEOUS
CK,miscellaneous,coxkings,171.74,20,0.47,9.97,5,21.95,3779.37,1,18.26,21.47,1.25,MISCELLANEOUS
CRI,miscellaneous,crisil,113.04,2800,1.59,33.16,1,51.31,12666.75,1,47.51,53.2,15.61,MISCELLANEOUS
GD01,miscellaneous,gatewaydistriparks,74.05,70,3.95,3.5,10,39.36,1925.03,1,30.9,50.59,2.39,MISCELLANEOUS
GI19,miscellaneous,greenplyindustries,75.25,60,0.24,11.07,1,28.52,3054.65,1,16.92,22.5,3.31,MISCELLANEOUS
ICR,miscellaneous,icra,559.34,270,0.81,101.3,10,51.31,3287.89,1,31.93,32.77,5.94,MISCELLANEOUS
IIL03,miscellaneous,infibeamincorporation,12.54,0,,0.15,1,745.23,10088.75,1,190.31,1015,12.14,MISCELLANEOUS
IEI01,miscellaneous,infoedgeindia,177.69,45,0.37,14.96,10,39.36,14873.77,1,72.92,81.55,6.87,MISCELLANEOUS
JF04,miscellaneous,jubilantfoodworks,160.44,25,0.09,31.28,10,64.74,18215.69,1,50.28,88.25,17.21,MISCELLANEOUS
JD,miscellaneous,justdial,155.26,0,,21.25,10,51.31,3827.86,1,21.32,26.73,3.66,MISCELLANEOUS
KSC01,miscellaneous,kaveriseedcompany,186.67,0,,31.83,2,24.93,3724.29,1,15.94,17.7,3.02,MISCELLANEOUS
MIL16,miscellaneous,maxindia,61.26,0,,0.24,2,36.62,2097.41,1,289.44,325.63,1.28,MISCELLANEOUS
MCE,miscellaneous,multicommodityexchangeindia,320.72,150,1.86,20.85,10,17.1,4119.65,1,33.49,38.74,2.52,MISCELLANEOUS
SF14,miscellaneous,sheelafoam,112.12,0,,25.81,5,26.73,7390.6,1,48.08,58.7,13.51,MISCELLANEOUS
SI10,miscellaneous,syngeneinternational,85.91,10,0.17,15.26,10,39.36,11687,1,26.77,38.29,6.8,MISCELLANEOUS
TCI,miscellaneous,thomascookindia,31.32,37.5,0.13,14.35,1,21.95,10301.34,1,18.73,19.38,8.88,MISCELLANEOUS
TII,miscellaneous,tifinancialholdings,51.63,125,0.19,3.16,1,36.62,12082.4,1,203.8,203.8,12.47,MISCELLANEOUS
TI01,miscellaneous,titancompany,61.67,260,0.29,13.1,1,68.71,80033.92,1,62.91,68.82,14.62,MISCELLANEOUS
WH01,miscellaneous,wonderlaholidays,84,10,0.3,6.81,10,21.95,1909.72,1,25.45,49.63,4.02,MISCELLANEOUS
CI01,lubricants,castrolindia,10.31,140,4.11,7.02,5,26.3,16854.65,1,22.78,24.27,16.53,LUBRICANTS
GOL01,lubricants,gulfoillubricantsindia,103.07,425,0.98,31.9,2,26.3,4299.04,1,25.44,27.12,8.39,LUBRICANTS
CC10,plantationsteacoffee,cclproductsindia,48.35,175,1.25,7.35,2,32.14,3724.78,1,34.19,38.1,5.79,PLANTATIONS - TEA & COFFEE
MRI02,plantationsteacoffee,mcleodrusselindia,165.42,5,0.17,6.14,5,32.14,1589.3,1,10.6,23.65,0.88,PLANTATIONS - TEA & COFFEE
TC14,plantationsteacoffee,tatacoffee,49.27,150,1.23,3.36,1,32.14,2279.53,1,26.77,36.32,2.48,PLANTATIONS - TEA & COFFEE
TT,plantationsteacoffee,tataglobalbeverage,66.76,250,0.92,8.47,1,32.14,17217.22,1,30.65,32.21,4.09,PLANTATIONS - TEA & COFFEE
CS18,ceramicsgranite,cerasanitaryware,478.75,240,0.41,77.08,5,25.51,3797.72,1,30.97,37.88,6.1,CERAMICS & GRANITE
HSI02,ceramicsgranite,hsil,210.91,200,1.17,10.34,2,25.51,2478.68,1,13.13,33.16,1.63,CERAMICS & GRANITE
KC06,ceramicsgranite,kajariaceramics,90.09,300,0.57,15.87,1,25.51,8360.79,1,26.62,33.14,5.84,CERAMICS & GRANITE
SC49,ceramicsgranite,somanyceramics,134.72,135,0.49,15.36,2,25.51,2330.87,1,25.3,35.81,4.08,CERAMICS & GRANITE
CFC,fertilisers,chambalfertiliserschemicals,72.45,19,1.18,11.54,10,14.8,6705.11,1,12.34,13.96,2.22,FERTILISERS
CI45,fertilisers,coromandelinternational,118.72,500,1.19,22.55,1,14.8,12275.53,1,16.23,18.62,3.54,FERTILISERS
DFP,fertilisers,deepakfertilizerspetrochemicalscoprn,208.9,60,2.09,12.16,10,14.8,2527.07,1,16.02,23.56,1.37,FERTILISERS
GNV,fertilisers,gujaratnarmadavalleyfertilizerschemicals,295.4,50,1.07,50.8,10,14.8,7281.37,1,6.87,9.22,1.59,FERTILISERS
GSF,fertilisers,gujaratstatefertilizerschemicals,176.95,110,1.93,11.94,2,14.8,4542.64,1,7.64,9.55,0.64,FERTILISERS
RCF01,fertilisers,rashtriyachemicalsfertilisers,54.45,11,1.41,1.43,10,14.8,4303.17,1,19.95,54.55,1.43,FERTILISERS
CI11,miningminerals,coalindia,37.4,199,7.14,14.97,10,15.1,173000.49,1,18.58,18.62,7.45,MINING & MINERALS
GMD,miningminerals,gujaratmineraldevelopmentcorporation,138.68,150,2.41,13.67,2,15.1,3959.1,1,7.25,9.11,0.9,MINING & MINERALS
M18,miningminerals,moil,105.32,110,5.96,15.84,10,15.1,4915.96,1,10.15,11.65,1.75,MINING & MINERALS
NMD02,miningminerals,nmdc,83.2,515,4.56,12.03,1,15.1,35751.96,1,8.8,9.39,1.36,MINING & MINERALS
SG,miningminerals,vedanta,234.11,1945,8.15,19.52,1,15.1,88748.07,1,8.79,12.23,1.02,MINING & MINERALS
CI02,engines,cumminsindia,160.56,700,2.04,25.56,2,25.13,18988.2,1,23.67,26.8,4.27,ENGINES
GC20,engines,greavescotton,46.01,275,4.15,8.3,2,25.13,3238.18,1,12.7,15.98,2.88,ENGINES
KOE03,engines,kirloskaroilengines,122.17,250,1.73,10.38,2,25.13,4179.34,1,16.15,27.84,2.37,ENGINES
C13,mediaentertainment,dbcorp,86.88,40,1.52,17.63,10,15.58,4851.52,1,11.64,14.95,3.03,MEDIA & ENTERTAINMENT
ENI,mediaentertainment,entertainmentnetworkindia,186.66,10,0.15,7.38,10,35.36,3176.99,1,32.21,90.3,3.57,MEDIA & ENTERTAINMENT
EIM,mediaentertainment,erosinternationalmedia,142.12,0,,8.1,10,35.36,1258.74,1,15.14,16.34,0.93,MEDIA & ENTERTAINMENT
HCD,mediaentertainment,hathwaycabledatacom,12.71,0,,0.94,2,35.36,2420.89,1,13.82,31.01,2.29,MEDIA & ENTERTAINMENT
INO01,mediaentertainment,inoxleisure,72.59,0,,11.89,10,35.36,2553.24,1,12.68,22.26,3.65,MEDIA & ENTERTAINMENT
JP12,mediaentertainment,jagranprakashan,62.08,150,2.02,8.54,2,15.58,4616.68,1,13.25,17.36,2.39,MEDIA & ENTERTAINMENT
PVR,mediaentertainment,pvr,229.87,20,0.14,25.98,10,35.36,6572.61,1,25.03,54.13,6.12,MEDIA & ENTERTAINMENT
STN01,mediaentertainment,suntvnetwork,129.79,200,1.1,27.74,5,35.36,35804.56,1,23.36,32.75,7,MEDIA & ENTERTAINMENT
TVT,mediaentertainment,tvtodaynetwork,125.58,40,0.44,19.68,5,35.36,2730.94,1,18.37,23.26,3.65,MEDIA & ENTERTAINMENT
IBN,mediaentertainment,tv18broadcast,22.13,0,,0.56,2,35.36,9874.71,1,85.97,102.86,2.6,MEDIA & ENTERTAINMENT
ZEE,mediaentertainment,zeeentertainmententerprises,46.04,250,0.45,19.89,1,35.36,53296.1,1,26,27.9,12.05,MEDIA & ENTERTAINMENT
DC11,constructioncontractingrealestate,deltacorp,39.69,35,0.14,3.91,1,39.36,6551.83,1,55.01,62.61,6.17,CONSTRUCTION & CONTRACTING - REAL ESTATE
D04,constructioncontractingrealestate,dlf,84.46,100,1,2.05,2,30.6,35646.02,1,71.61,97.46,2.37,CONSTRUCTION & CONTRACTING - REAL ESTATE
GP11,constructioncontractingrealestate,godrejproperties,95.58,0,,9.17,5,30.6,17599.24,1,78.23,83.69,8.03,CONSTRUCTION & CONTRACTING - REAL ESTATE
HDI,constructioncontractingrealestate,housingdevelopmentinfrastructure,263.04,0,,2.2,10,30.6,993.87,1,9.74,10.41,0.09,CONSTRUCTION & CONTRACTING - REAL ESTATE
OR,constructioncontractingrealestate,oberoirealty,131.39,20,0.4,12.28,10,30.6,17173.69,1,37.6,41.18,3.85,CONSTRUCTION & CONTRACTING - REAL ESTATE
O02,constructioncontractingrealestate,omaxe,105.59,7,0.32,3.47,10,30.6,3985.4,1,57.34,62.8,2.06,CONSTRUCTION & CONTRACTING - REAL ESTATE
PM02,constructioncontractingrealestate,phoenixmills,158.77,120,0.37,10.11,2,30.6,9819.05,1,50.31,63.4,4.04,CONSTRUCTION & CONTRACTING - REAL ESTATE
PI26,constructioncontractingrealestate,pncinfratech,71.07,25,0.29,9.79,2,30.6,4395.8,1,13.39,17.5,2.41,CONSTRUCTION & CONTRACTING - REAL ESTATE
PEP02,constructioncontractingrealestate,prestigeestatesprojects,132.66,12,0.44,6.19,10,30.6,10325.63,1,35.9,44.48,2.08,CONSTRUCTION & CONTRACTING - REAL ESTATE
SD6,constructioncontractingrealestate,sobha,285.41,20,0.41,20.44,10,30.6,4657.88,1,19.06,24.03,1.72,CONSTRUCTION & CONTRACTING - REAL ESTATE
SR05,constructioncontractingrealestate,sunteckrealty,67.15,150,0.38,8.45,1,30.6,5735.55,1,46.06,46.39,5.84,CONSTRUCTION & CONTRACTING - REAL ESTATE
eS06,computerssoftwaremediumsmall,eclerxservices,356.28,10,0.08,72,10,23.52,5014.05,1,16.29,18.03,3.64,COMPUTERS - SOFTWARE MEDIUM & SMALL
FS07,computerssoftwaremediumsmall,firstsourcesolutions,29.16,0,,2.79,10,23.52,5634.49,1,26.42,29.35,2.81,COMPUTERS - SOFTWARE MEDIUM & SMALL
KPI02,computerssoftwaremediumsmall,kpittechnologies,78.67,110,0.78,8.99,2,21.82,5577.36,1,22.31,31.41,3.59,COMPUTERS - SOFTWARE MEDIUM & SMALL
LTS,computerssoftwaremediumsmall,lttechnologyservices,197.26,350,0.52,47.76,2,29.78,13688.66,1,25.02,27.97,6.77,COMPUTERS - SOFTWARE MEDIUM & SMALL
SS42,computerssoftwaremediumsmall,sonatasoftware,57.76,900,2.79,14.39,1,21.82,3394.02,1,21.72,22.43,5.59,COMPUTERS - SOFTWARE MEDIUM & SMALL
TS09,computerssoftwaremediumsmall,takesolutions,33.98,100,0.34,1.03,1,21.82,4403.72,1,275.6,288.98,8.76,COMPUTERS - SOFTWARE MEDIUM & SMALL
VS,computerssoftwaremediumsmall,vakrangee,19.46,200,4.85,6.96,1,21.82,4362.27,1,5.39,5.92,2.12,COMPUTERS - SOFTWARE MEDIUM & SMALL
EIH,hotels,eih,46.74,45,0.52,1.96,2,69.32,9891.01,1,44.72,88.29,3.7,HOTELS
IHC,hotels,indianhotelscompany,34.48,35,0.26,1.21,1,69.32,15769.57,1,53.25,109.59,3.85,HOTELS
MHR,hotels,mahindraholidaysresortsindia,50.58,50,1.56,10.06,10,69.32,4285.15,1,22.65,31.91,6.35,HOTELS
DIC,hotels,westlifedevelopment,30.79,0,,0.11,2,69.32,5756.75,1,3363.64,3363.64,12.02,HOTELS
EE01,compressors,elgiequipments,38.98,100,0.38,4.85,1,32.28,4214.89,1,37.2,54.85,6.82,COMPRESSORS
IRI01,compressors,ingersollrandindia,364.43,60,1.05,28.16,10,32.28,1803.64,1,17.77,20.29,1.57,COMPRESSORS
E,autotractors,escorts,190.56,15,0.16,28.12,10,29.77,11228.65,1,26.91,32.58,4.81,AUTO - TRACTORS
EP11,packaging,esselpropack,41.65,120,0.96,5.16,2,24.28,3929.54,1,26.23,48.45,6,PACKAGING
JPF01,packaging,jindalpolyfilms,422.11,10,0.43,3.32,10,24.28,1025.26,1,8.79,70.53,0.55,PACKAGING
U01,packaging,uflex,296.73,35,1.17,13.98,10,24.28,2152.26,1,6.68,21.32,1,PACKAGING
EII02,drycells,evereadyindustriesindia,47.36,20,0.4,7.53,5,20.97,1828.08,1,24.71,33.4,5.31,DRY CELLS
FC01,cablestelephone,finolexcables,146.18,150,0.45,23.42,2,31.64,10204.11,1,25.39,28.49,4.56,CABLES - TELEPHONE
ST20,cablestelephone,sterlitetechnologies,26.68,100,0.67,6.4,2,31.64,11929.96,1,27.96,46.48,11.15,CABLES - TELEPHONE
FI,petrochemicals,finolexindustries,208.71,115,1.93,24.06,10,26.73,7386.16,1,20.57,24.74,2.85,PETROCHEMICALS
AP29,powertransmissionequipment,gepowerindia,127.48,30,0.36,3.95,10,14.41,5613.49,1,72.55,211.39,6.55,POWER - TRANSMISSION & EQUIPMENT
ATD,powertransmissionequipment,getdindia,48.49,90,0.58,8.15,2,14.41,7975.85,1,26.72,38.22,6.42,POWER - TRANSMISSION & EQUIPMENT
KPT,powertransmissionequipment,kalpatarupowertransmission,182.48,100,0.46,20.98,2,14.41,6629.5,1,16.63,20.59,2.37,POWER - TRANSMISSION & EQUIPMENT
KEC04,powertransmissionequipment,kecinternational,81.13,80,0.44,16.73,2,14.41,9275.75,1,17.65,21.57,4.45,POWER - TRANSMISSION & EQUIPMENT
GES,shipping,greateasternshippingcompany,352.99,101,3.18,10.62,10,18.22,4796.22,1,7.36,29.95,0.9,SHIPPING
GPP03,shipping,gujaratpipavavport,45.88,38,3.28,4.11,10,20.06,5598.23,1,18.53,28.18,2.52,SHIPPING
SCI,shipping,shippingcorporationindia,152.88,0,,5.45,10,18.22,3067.29,1,3.55,12.08,0.43,SHIPPING
GPI,cigarettes,godfreyphillipsindia,337.08,400,1.08,30.92,2,28.93,3847.55,1,15,23.93,2.2,CIGARETTES
ITC,cigarettes,itc,46.35,475,1.8,9.2,1,28.93,322803.6,1,26.11,28.75,5.71,CIGARETTES
VST,cigarettes,vstindustries,463.87,750,2.5,117.79,10,28.93,4640.45,1,20.99,25.51,6.48,CIGARETTES
HS,textilessyntheticsilk,himatsingkaseide,129.27,50,0.75,20.93,5,13.5,3298.31,1,12.62,16.01,2.59,TEXTILES - SYNTHETIC & SILK
HC07,metalsnonferrous,hindustancopper,16.72,0,,0.86,5,22.18,6615.31,1,27.08,83.14,4.28,METALS - NON FERROUS
HZ,metalsnonferrous,hindustanzinc,94.86,1470,9.66,21.67,2,13.77,128639.84,1,12.09,14.05,3.21,METALS - NON FERROUS
HI,aluminium,hindalcoindustries,210.84,110,0.46,6.4,1,24.7,53308.76,1,17.46,37.1,1.13,ALUMINIUM
NAC,aluminium,nationalaluminiumcompany,59.74,56,4.05,6.94,5,24.7,13375.87,1,7.34,9.97,1.16,ALUMINIUM
IDF,financetermlendinginstitutions,idfc,61.38,0,,0.93,10,5.8,7957.83,1,51.93,53.6,0.81,FINANCE - TERM LENDING INSTITUTIONS
PFC02,financetermlendinginstitutions,powerfinancecorporation,160.32,50,6.06,22.18,10,5.8,21767.47,1,3.71,3.72,0.51,FINANCE - TERM LENDING INSTITUTIONS
PIF02,financetermlendinginstitutions,ptcindiafinancialservices,38.05,15,8.04,0.38,10,36.62,1197.86,1,42.39,49.08,0.49,FINANCE - TERM LENDING INSTITUTIONS
REC02,financetermlendinginstitutions,ruralelectrificationcorporation,192.27,96.5,8.5,23.53,10,5.8,22425.19,1,4.82,4.83,0.59,FINANCE - TERM LENDING INSTITUTIONS
IB04,bankspublicsector,indianbank,329.53,0,,26.21,10,12.43,16915.87,1,11.31,13.44,1.07,BANKS - PUBLIC SECTOR
VB03,bankspublicsector,vijayabank,75.43,12,2.13,5.57,10,12.43,7348.87,1,8.86,10.12,0.75,BANKS - PUBLIC SECTOR
ICI07,textilesspinningcottonblended,indocountindustries,48.51,40,1.18,6.64,2,14.46,1341.33,1,8.31,10.23,1.4,TEXTILES - SPINNING - COTTON BLENDED
AI01,textilesspinningcottonblended,trident,58.64,15,2.41,5.18,10,14.46,3169.68,1,4.75,12.01,1.06,TEXTILES - SPINNING - COTTON BLENDED
VT10,textilesspinningcottonblended,vardhmantextiles,694.17,150,1.24,95.01,10,14.46,6962.05,1,8.99,12.76,1.75,TEXTILES - SPINNING - COTTON BLENDED
SIS06,engineeringheavy,isgecheavyengineering,1692.49,300,0.54,161.81,10,23.24,4053.28,1,21.78,34.07,3.26,ENGINEERING - HEAVY
PI17,engineeringheavy,prajindustries,39.43,81,1.87,1.74,2,23.24,1570.95,1,29.76,49.77,2.2,ENGINEERING - HEAVY
JC08,steelgpgcsheets,jaicorp,62.13,50,0.33,1.37,1,60.72,2678.53,1,67.31,109.56,2.42,STEEL - GP & GC SHEETS
JSH,steellarge,jindalstainlesshisar,53.31,0,,16.77,2,11.58,3774.95,1,5.7,9.54,3,STEEL - LARGE
JSW01,steellarge,jswsteel,118.58,225,0.68,19.13,1,16.94,80287.98,1,10.45,17.36,2.8,STEEL - LARGE
TIS,steellarge,tatasteel,478.87,100,1.77,34.63,10,16.94,68147.14,1,8.63,16.34,1.18,STEEL - LARGE
KG01,textilesreadymadeapparels,kitexgarments,68.52,150,0.9,10.53,1,46.7,1103.9,1,11.81,15.76,2.42,TEXTILES - READYMADE APPARELS
M15,textilesreadymadeapparels,kprmill,181.75,15,0.12,30.44,5,46.7,4560.85,1,13.82,20.28,3.4,TEXTILES - READYMADE APPARELS
PI35,textilesreadymadeapparels,pageindustries,907.99,970,0.37,311.08,10,46.7,29627.14,1,79.01,85.39,29.25,TEXTILES - READYMADE APPARELS
LMW,textilesmachinery,lakshmimachineworks,1597.23,350,0.43,192.98,10,23.24,8856.1,1,31.38,41.89,5.06,TEXTILES - MACHINERY
MM,autocarsjeeps,mahindramahindra,206.6,260,1.43,35.17,5,31.79,112881.88,1,19.29,25.82,4.39,AUTO - CARS & JEEPS
MS24,autocarsjeeps,marutisuzukiindia,1453.02,1500,0.84,255.62,5,31.79,270437.17,1,25.81,35.02,6.16,AUTO - CARS & JEEPS
NP01,printingstationery,navneeteducation,37.63,125,2.01,6.56,2,15.58,2908.96,1,16.45,18.99,3.31,PRINTING & STATIONERY
NII,computerssoftwaretraining,niit,48.49,0,,0.31,2,103.45,1677.73,1,57.82,324.52,2.07,COMPUTERS - SOFTWARE - TRAINING
PJ,diamondcuttingjewellerypreciousmetals,pcjeweller,70.83,10,0.64,14.38,10,24.92,6208.93,1,10.56,10.95,2.22,DIAMOND CUTTING & JEWELLERY & PRECIOUS METALS
RE07,diamondcuttingjewellerypreciousmetals,rajeshexports,141.66,110,0.18,14.94,1,24.92,17752.51,1,40.11,40.24,4.24,DIAMOND CUTTING & JEWELLERY & PRECIOUS METALS
RK01,breweriesdistilleries,radicokhaitan,86.52,40,0.2,9.26,2,69.28,5250.31,1,31.94,42.53,4.55,BREWERIES & DISTILLERIES
UB02,breweriesdistilleries,unitedbreweries,103.12,115,0.09,14.9,1,69.28,33638.95,1,51.47,85.39,12.34,BREWERIES & DISTILLERIES
R,textileswoollenworsted,raymond,214.57,30,0.3,15.98,10,60.57,6047.24,1,31.21,61.65,4.59,TEXTILES - WOOLLEN & WORSTED
RI37,computershardware,redingtonindia,43.24,215,3.43,4.6,2,29.54,5016.16,1,25.37,27.25,2.9,COMPUTERS - HARDWARE
FAG,bearings,schaefflerindia,1020.21,170,0.32,148.38,10,34.51,8942.17,1,28.15,36.27,5.27,BEARINGS
SKF01,bearings,skfindia,410.17,150,0.84,57.65,10,34.51,9214.65,1,26.97,31.13,4.38,BEARINGS
TI23,bearings,timkenindia,104.39,10,0.13,13.54,10,34.51,5127.2,1,37.93,55.69,7.22,BEARINGS
SRF,textilesmanmade,srf,618.16,120,0.63,70.65,10,26.61,10918.22,1,15.97,26.91,3.08,TEXTILES - MANMADE
SF23,fasteners,sundramfasteners,79.98,450,0.71,17.49,1,35.63,13368.37,1,28.71,36.38,7.95,FASTENERS
TSI,steelspongeiron,tataspongeiron,653.06,110,1,91.47,10,9.66,1691.38,1,11.04,12.01,1.68,STEEL - SPONGE IRON
WI03,textilesweaving,welspunindia,24.93,65,1.11,3.03,1,19.56,5887.69,1,7.63,19.34,2.35,TEXTILES - WEAVING
